ENTLMT_RSN_CURR,BENE_YES,BENE_NO,TOTAL_BENE,BENE_YES_PCT
Aged,856181,134119,990300,0.8645673028
Disabled,45708,11940,57648,0.7928809326
ESRD,284,146,430,0.6604651163
"Disabled and ESRD",179,90,269,0.6654275093
