SEX_NAME,BENE_YES,BENE_NO,TOTAL_BENE,BENE_YES_PCT
Male,467243,60367,527610,0.8855840488
Female,464207,56830,521037,0.8909290511
