AGE_GROUP,BENE_YES,BENE_NO,TOTAL_BENE,BENE_YES_PCT
_18-39,1921,527,2448,0.7847222222
_40-64,46055,9841,55896,0.8239408902
_65-69,103750,13882,117632,0.8819878945
_70-74,192205,23121,215326,0.8926232782
_75-79,214859,25433,240292,0.8941579412
_80-84,181164,22173,203337,0.8909544254
_85+,191496,22220,213716,0.8960302457
