SEX_NAME,BENE_YES,BENE_NO,TOTAL_BENE,BENE_YES_PCT
Male,453179,74431,527610,0.8589279961
Female,449173,71864,521037,0.8620750542
