LIS,BENE_YES,BENE_NO,TOTAL_BENE,BENE_YES_PCT
No,706149,108631,814780,0.8666744397
Yes,196203,37664,233867,0.8389511988
