LIS,BENE_YES,BENE_NO,TOTAL_BENE,BENE_YES_PCT
No,728544,86236,814780,0.8941603869
Yes,202906,30961,233867,0.8676127885
