SEX_NAME,BENE_N,TOTAL_N,PER_100K
Male,300839,19083350,1576.447531486872
Female,238339,22732651,1048.4434921382465
