BENE_N,BENE_N,TOTAL_N,PER_100K,,,,
0,80800,32600483,247.84908861626374,,,,
1,458379,9215524,4973.987371743593,,,,
,,,,,,,``
