AGE_GROUP,BENE_N,TOTAL_N,PER_100K
_18-39,84482,933619,9048.873255578561
_40-64,266800,5296045,5037.721545039742
_65-69,68398,8071972,847.351799535479
_70-74,50007,10150153,492.67237646565525
_75-79,31595,7338799,430.520034681424
_80-84,18879,4824514,391.31402665636375
_85+,19018,5199696,365.75215166425113
