SEX_NAME,BENE_YES,BENE_NO,TOTAL_BENE,BENE_YES_PCT
Male,3356839,823289,4180128,0.8030469402
Female,4166756,1003933,5170689,0.8058415426
