AGE_GROUP,BENE_YES,BENE_NO,TOTAL_BENE,BENE_YES_PCT
_18-39,52082,24667,76749,0.6786016756
_40-64,780180,256027,1036207,0.7529190596
_65-69,1252969,249405,1502374,0.8339927342
_70-74,1823360,319478,2142838,0.8509089348
_75-79,1608737,273279,1882016,0.8547945395
_80-84,1154312,198673,1352985,0.8531594955
_85+,1154628,203020,1357648,0.8504619754
