ENTLMT_RSN_CURR,BENE_YES,BENE_NO,TOTAL_BENE,BENE_YES_PCT
Aged,6734691,1502843,8237534,0.8175615421
Disabled,769844,309334,1079178,0.7133614659
ESRD,13443,10712,24155,0.556530739
"Disabled and ESRD",5617,4333,9950,0.5645226131
