age_group,bene_yes,bene_no,total_bene,bene_yes_pct,bene_yes_pct_lcl,bene_yes_pct_ucl,age_adjusted_pct,age_adjusted_pct_lcl,age_adjusted_pct_ucl
_50_54,215,1486,1701,12.5092563820178,10.3774770744195,14.6410356896161,.,.,.
_55_59,594,2001,2595,21.9532255680064,19.5349094688967,24.3715416671162,.,.,.
_60_64,1092,2512,3604,28.7690286851016,26.3958309179349,31.1422264522684,.,.,.
_65_69,1274,2395,3669,33.7412899076875,31.3065018282905,36.1760779870846,.,.,.
_70_74,1090,1905,2995,34.611422611148,31.6379784237768,37.5848667985191,.,.,.
_75_79,546,1096,1642,37.5791638771011,33.6479935387175,41.5103342154847,.,.,.
