insurance_status,bene_yes,bene_no,total_bene,bene_yes_pct,bene_yes_pct_lcl,bene_yes_pct_ucl,age_adjusted_pct,age_adjusted_pct_lcl,age_adjusted_pct_ucl
"Have some form of insurance",147200,57114,204314,68.7367773471203,68.282793823988,69.1907608702527,59.3563581596455,58.3721164311675,60.3405998881234
"Do not have some form of health insurance",2064,5607,7671,25.9150827659074,23.8401014030225,27.9900641287923,27.1739792892082,23.6933747600792,30.6545838183372
"Don´t know, refused or missing insurance response",3353,1855,5208,59.4114026083244,56.5840793483898,62.2387258682589,50.5979632253689,47.0549078873819,54.1410185633558
