income_group,bene_yes,bene_no,total_bene,bene_yes_pct,bene_yes_pct_lcl,bene_yes_pct_ucl,age_adjusted_pct,age_adjusted_pct_lcl,age_adjusted_pct_ucl
"Less than $15,000",512,1383,1895,26.5494111577953,22.9914454244128,30.1073768911777,26.5733062618518,22.6946199533271,30.4519925703765
"$15,000 to < $25,000",787,1806,2593,29.8741989899966,27.2859532195085,32.4624447604847,28.2200561473011,24.9350018639599,31.5051104306424
"$25,000 to < $35,000",671,1676,2347,28.5462861434867,25.8545495759725,31.238022711001,26.9571256675248,23.671386405203,30.2428649298467
"$35,000 to < $50,000",664,1411,2075,32.0738039434709,29.2266118524188,34.920996034523,29.4736271824557,26.0996857866226,32.8475685782888
"$50,000 to < $75,000",677,1454,2131,26.9159498238434,24.5874431242925,29.2444565233943,24.9777941539175,21.8430074677284,28.1125808401066
"$75,000 to < $100,000",413,917,1330,29.4854868299561,25.7164852333428,33.2544884265694,29.4039704763593,25.4199068659396,33.388034086779
"$100,000 to < $200,000",388,1037,1425,28.3611235472296,24.3496437678991,32.37260332656,29.5052474424603,22.3516857623498,36.6588091225708
"$200,000 or more",61,217,278,16.9528182399964,14.7952423347555,19.1103941452373,15.6953430881212,13.1813884688754,18.209297707367
"Don’t know/Not sure/Missing",638,1494,2132,26.476501940921,23.7348209569607,29.2181829248812,25.5881138371912,22.1159268059917,29.0603008683907
