race_name,bene_yes,bene_no,total_bene,bene_yes_pct,bene_yes_pct_lcl,bene_yes_pct_ucl,age_adjusted_pct,age_adjusted_pct_lcl,age_adjusted_pct_ucl
"American Indian or Alaskan Native",90,287,377,23.4663731311121,20.5686920615218,26.3640542007024,23.0137755829734,18.9344441038968,27.0931070620501
Asian,20,56,76,46.4034866575587,45.1499042579435,47.657069057174,41.130839811778,40.0629138259632,42.1987657975929
Black,257,649,906,28.3268091083096,24.2497214409124,32.4038967757069,26.8988338226068,22.3653890114997,31.4322786337138
Hispanic,119,332,451,28.9822639896102,23.9649707014499,33.9995572777704,28.4096058183262,22.4578699738819,34.3613416627706
Multiracial,93,311,404,19.3224596206114,17.3978997752732,21.2470194659496,18.9527539976236,17.1990036141489,20.7065043810983
"Native Hawaiian or other Pacific Islander",9,41,50,10.8959695116848,6.50477364138027,15.2871653819893,9.32719709269347,5.6500299490768,13.0043642363101
White,4223,9719,13942,28.4790425895812,27.0677169177177,29.8903682614447,27.4525323425779,25.3019504855624,29.6031141995935
