ENTLMT_RSN_CURR,BENE_YES,BENE_NO,TOTAL_BENE,BENE_YES_PCT
Aged,5333226,1167700,6500926,0.8203794352
Disabled,541665,214898,756563,0.7159549172
ESRD,11903,8297,20200,0.5892574257
"Disabled and ESRD",4658,3142,7800,0.5971794872
