LIS,BENE_YES,BENE_NO,TOTAL_BENE,BENE_YES_PCT
No,4241073,856561,5097634,0.8319689095
Yes,1650379,537476,2187855,0.7543365534
