SEX_NAME,BENE_YES,BENE_NO,TOTAL_BENE,BENE_YES_PCT
Male,2525830,584177,3110007,0.8121621591
Female,3365622,809860,4175482,0.8060439489
