LIS,BENE_YES,BENE_NO,TOTAL_BENE,BENE_YES_PCT
No,4874,577,5451,0.8941478628
Yes,13999,2638,16637,0.8414377592
