LIS,BENE_YES,BENE_NO,TOTAL_BENE,BENE_YES_PCT
No,4263,1188,5451,0.7820583379
Yes,11889,4748,16637,0.7146120094
