SEX_NAME,BENE_YES,BENE_NO,TOTAL_BENE,BENE_YES_PCT
Male,12257,4314,16571,0.739665681
Female,3895,1622,5517,0.7059996375
