ENTLMT_RSN_CURR,BENE_YES,BENE_NO,TOTAL_BENE,BENE_YES_PCT
Aged,5940,1611,7551,0.7866507747
Disabled,9840,4090,13930,0.7063890883
ESRD,234,144,378,0.619047619
"Disabled and ESRD",138,91,229,0.6026200873
