insurance_status,bene_yes,bene_no,total_bene,bene_yes_pct,bene_yes_pct_lcl,bene_yes_pct_ucl,age_adjusted_pct,age_adjusted_pct_lcl,age_adjusted_pct_ucl
"Have some form of insurance",53661,53977,107638,47.6501162292622,47.0405581582714,48.259674300253,46.0693291145791,44.3509934085864,47.7876648205718
"Do not have some form of health insurance",1929,5430,7359,24.861490160756,23.0228358267303,26.7001444947817,26.624170503335,18.087508085792,35.160832920878
"Don´t know, refused or missing insurance response",985,1940,2925,29.1115439654048,26.4416169916926,31.781470939117,29.5073330529949,25.0692438209381,33.9454222850516
