age_group,bene_yes,bene_no,total_bene,bene_yes_pct,bene_yes_pct_lcl,bene_yes_pct_ucl,age_adjusted_pct,age_adjusted_pct_lcl,age_adjusted_pct_ucl
_21_24,1868,4302,6170,25.6525457973815,23.9592869738011,27.3458046209618,.,.,.
_25_29,3653,4881,8534,40.4189635080609,38.6459679102254,42.1919591058963,.,.,.
_30_34,4841,5633,10474,44.239993022257,42.5178972557285,45.9620887887855,.,.,.
_35_39,5778,6092,11870,45.5610407765211,43.8516152675025,47.2704662855397,.,.,.
_40_44,6911,5859,12770,51.7962734312977,50.077671130273,53.5148757323223,.,.,.
_45_49,6741,5583,12324,51.7637247714495,49.8814594336394,53.6459901092596,.,.,.
_50_54,7668,7160,14828,51.3617080792131,49.7167720252732,53.0066441331531,.,.,.
_55_59,7980,8130,16110,49.7195879715051,47.9720817581829,51.4670941848272,.,.,.
_60_65,11135,13707,24842,44.0288701259249,42.7319589198687,45.3257813319811,.,.,.
