income_group,bene_yes,bene_no,total_bene,bene_yes_pct,bene_yes_pct_lcl,bene_yes_pct_ucl,age_adjusted_pct,age_adjusted_pct_lcl,age_adjusted_pct_ucl
"Less than $15,000",2110,4471,6581,31.8034799038115,29.5841941292475,34.0227656783755,31.5728959183447,27.1231175363919,36.0226743002975
"$15,000 to < $25,000",3266,6165,9431,33.5920476936596,31.7202332103572,35.4638621769619,33.4321054147883,28.7469709554977,38.1172398740788
"$25,000 to < $35,000",4246,6928,11174,36.7185119546989,34.9669012302033,38.4701226791946,36.3166537977529,32.9053353540489,39.7279722414568
"$35,000 to < $50,000",5081,6726,11807,41.5649673499721,39.8602088706099,43.2697258293344,40.3709125392085,36.6977176163987,44.0441074620182
"$50,000 to < $75,000",8020,8216,16236,47.9482089735765,46.3986869961673,49.4977309509857,47.6799340672746,43.9487286976989,51.4111394368503
"$75,000 to < $100,000",7925,6659,14584,52.7399600081738,51.1510671048107,54.3288529115369,50.6289277855863,46.8959073377598,54.3619482334129
"$100,000 to < $200,000",14120,9715,23835,57.3653778263889,56.0578142954538,58.672941357324,54.7963230383631,51.2605903990743,58.3320556776518
"$200,000 or more",4772,2607,7379,61.8240366912067,59.4589345039868,64.1891388784266,57.4684723399225,52.9205881343464,62.0163565454987
"Don’t know/Not sure/Missing",7035,9860,16895,35.645268782815,34.2656740420902,37.0248635235398,36.3170698961357,32.8904355960742,39.7437041961973
