LIS,BENE_YES,BENE_NO,TOTAL_BENE,BENE_YES_PCT
No,7879726,1300204,9179930,0.8583644973
Yes,2652546,699944,3352490,0.7912166778
