ENTLMT_RSN_CURR,BENE_YES,BENE_NO,TOTAL_BENE,BENE_YES_PCT
Aged,9509758,1687286,11197044,0.8493096928
Disabled,1020804,312031,1332835,0.7658892511
ESRD,1076,420,1496,0.7192513369
"Disabled and ESRD",634,411,1045,0.6066985646
