SEX_NAME,BENE_YES,BENE_NO,TOTAL_BENE,BENE_YES_PCT
Male,4741744,898197,5639941,0.8407435468
Female,5790528,1101951,6892479,0.8401226903
