RACE_NAME,BENE_YES,BENE_NO,TOTAL_BENE,BENE_YES_PCT
Unknown,183215,27975,211190,0.8675363417
"Non-Hispanic White",8054898,1369010,9423908,0.8547301183
"Black or African-American",1026145,305543,1331688,0.7705596206
Other,81275,15412,96687,0.8405990464
"Asian/Pacific Islander",346640,65296,411936,0.8414899402
Hispanic,800923,200650,1001573,0.7996651268
"American Indian / Alaska Native",39176,16262,55438,0.7066632995
