race_name,bene_yes,bene_no,total_bene,bene_yes_pct,bene_yes_pct_lcl,bene_yes_pct_ucl,age_adjusted_pct,age_adjusted_pct_lcl,age_adjusted_pct_ucl
"American Indian or Alaskan Native",2081,1465,3546,56.5537085015362,52.9371643999249,60.1702526031476,51.2816264305357,46.4179905956615,56.1452622654099
Asian,2356,1705,4061,54.7537435300773,51.3722503950447,58.1352366651098,49.2166156524384,43.3568727606526,55.0763585442242
Black,12001,4902,16903,68.3651775981936,67.0514355231119,69.6789196732753,61.322516333807,58.459241456981,64.185791210633
Hispanic,7083,5868,12951,52.5363310417343,50.7763560073951,54.2963060760735,50.1307558837727,47.0008896240503,53.260622143495
Multiracial,2467,1381,3848,63.4551389792812,60.3977075677051,66.5125703908573,58.0171726284881,53.2852556864149,62.7490895705614
"Native Hawaiian or other Pacific Islander",357,260,617,57.7113424763679,52.8654279785454,62.5572569741904,48.6025970100535,41.8515932277738,55.3536007923333
White,126272,48995,175267,69.7088921567563,69.2707115951431,70.1470727183695,58.8528558956559,57.9106760737564,59.7950357175554
