SEX_NAME,BENE_YES,BENE_NO,TOTAL_BENE,BENE_YES_PCT
Male,95112,26391,121503,0.7827954865
Female,62553,17743,80296,0.7790300887
