LIS,BENE_YES,BENE_NO,TOTAL_BENE,BENE_YES_PCT
No,11726,3678,15404,0.7612308491
Yes,145940,40456,186396,0.7829567158
