race_name,bene_yes,bene_no,total_bene,bene_yes_pct,bene_yes_pct_lcl,bene_yes_pct_ucl,age_adjusted_pct,age_adjusted_pct_lcl,age_adjusted_pct_ucl
"American Indian or Alaskan Native",9,25,34,17.1805246486325,16.3513224159558,18.0097268813092,19.7317445634123,8.76837719290906,30.6951119339154
Asian,7,30,37,.,.,.,.,.,.
Black,186,308,494,39.6575991523978,32.9357970030988,46.3794013016968,40.5379032758696,30.3910528465538,50.6847537051854
Hispanic,26,72,98,26.3772188240579,13.5917364345583,39.1627012135576,.,.,.
Multiracial,21,33,54,36.0684667251339,13.9536224122437,58.183311038024,38.2560644558439,31.4409649209841,45.0711639907038
"Native Hawaiian or other Pacific Islander",2,3,5,.,.,.,.,.,.
White,1031,1306,2337,41.023737523754,37.6942290325746,44.3532460149334,42.0029616812623,36.5374114547665,47.4685119077582
