state_name,state_fips,bene_yes,bene_no,total_bene,bene_yes_pct,bene_yes_pct_lcl,bene_yes_pct_ucl,age_adjusted_pct,age_adjusted_pct_lcl,age_adjusted_pct_ucl
Arkansas,5,219,311,530,39.9464326910005,34.9275551332363,44.9653102487648,37.4485746489179,29.551041709411,45.3461075884248
Delaware,10,172,240,412,43.9804551579684,37.2996438914958,50.6612664244409,47.118503418511,36.1507943145447,58.0862125224773
Massachusetts,25,123,183,306,35.9021794474109,29.1080253165419,42.6963335782799,37.8159317768703,26.6972159735176,48.9346475802231
Mississippi,28,169,255,424,36.0450876303424,30.4887290433547,41.6014462173301,38.8056536660904,29.1344910715622,48.4768162606187
"New Jersey",34,128,172,300,35.5723150221664,28.0526192980779,43.0920107462548,37.8518477967609,27.1961990332766,48.5074965602453
"South Carolina",45,471,616,1087,41.1525165211633,37.5209841464839,44.7840488958426,43.2297780505731,36.6488057491499,49.8107503519963
