insurance_status,bene_yes,bene_no,total_bene,bene_yes_pct,bene_yes_pct_lcl,bene_yes_pct_ucl,age_adjusted_pct,age_adjusted_pct_lcl,age_adjusted_pct_ucl
"Have some form of insurance",1235,1576,2811,39.0346734216578,35.5372741554024,42.5320726879132,40.7853317498369,35.5351804926839,46.03548300699
"Do not have some form of health insurance",14,130,144,6.64437920508577,3.03625560101283,10.2525028091587,4.36064436701588,2.42840968447963,6.29287904955214
"Don´t know, refused or missing insurance response",33,71,104,37.9518427673595,32.2396171014336,43.6640684332853,37.6770067412422,29.8662153639281,45.4877981185562
