SEX_NAME,BENE_YES,BENE_NO,TOTAL_BENE,BENE_YES_PCT
Male,5593717,1043058,6636775,0.8428366187
Female,6348228,1330813,7679041,0.8266954168
