ENTLMT_RSN_CURR,BENE_YES,BENE_NO,TOTAL_BENE,BENE_YES_PCT
Aged,11087046,1691792,12778838,0.8676098719
Disabled,1238173,294659,1532832,0.8077682355
ESRD,1901,447,2348,0.8096252129
"Disabled and ESRD",1365,433,1798,0.7591768632
