AGE_GROUP,BENE_YES,BENE_NO,TOTAL_BENE,BENE_YES_PCT
_18-39,41921,13639,55560,0.7545176386
_40-64,1151613,330073,1481686,0.7772314782
_65-69,2196883,446077,2642960,0.8312206768
_70-74,3142320,575696,3718016,0.8451604296
_75-79,2517880,455503,2973383,0.8468064827
_80-84,1590056,296411,1886467,0.8428750675
_85+,1301272,256472,1557744,0.8353567724
