SEX_NAME,BENE_N,TOTAL_N,PER_100K
Male,345847,19083350,1812.2971071640986
Female,297624,22732651,1309.2357772087382
