ENTLMT_RSN_CURR,BENE_N,TOTAL_N,PER_100K
Aged,570580,35584347,1603.4578349857034
Disabled,66341,6137265,1080.953812488136
ESRD,4746,73481,6458.812482138241
"Disabled and ESRD",1804,20914,8625.800898919384
