SEX_NAME,BENE_N,TOTAL_N,PER_100K
Male,86080,19083350,451.07384185690665
Female,30537,22732651,134.33101137214484
