race_name,bene_yes,bene_no,total_bene,bene_yes_pct,bene_yes_pct_lcl,bene_yes_pct_ucl,age_adjusted_pct,age_adjusted_pct_lcl,age_adjusted_pct_ucl
"American Indian or Alaskan Native",875,1389,2264,33.5634218211919,30.398377955759,36.7284656866248,31.8464207440262,27.679879742135,36.0129617459173
Asian,1208,2459,3667,34.593308912131,31.45239650962,37.734221314642,36.8933132825812,30.570079316222,43.2165472489404
Black,4852,6282,11134,43.5246592591559,41.9059791607687,45.1433393575431,41.3067762980179,37.8526689908702,44.7608836051655
Hispanic,5211,7843,13054,37.7652039182809,36.1316771151332,39.3987307214285,37.5766060323856,33.7832253556108,41.3699867091604
Multiracial,1365,1709,3074,44.9181861208117,41.8641528361813,47.972219405442,45.0539561005404,40.5617721012651,49.5461400998157
"Native Hawaiian or other Pacific Islander",192,322,514,41.1870118649382,36.8684151210779,45.5056086087986,40.1200501532291,37.6691647963064,42.5709355101518
White,42872,41343,84215,49.5447429739399,48.9194256072899,50.1700603405898,48.3422558080802,46.5406808235227,50.1438307926378
