education_group,bene_yes,bene_no,total_bene,bene_yes_pct,bene_yes_pct_lcl,bene_yes_pct_ucl,age_adjusted_pct,age_adjusted_pct_lcl,age_adjusted_pct_ucl
"Did not graduate High School",3167,1563,4730,65.1104706600346,62.6765989019035,67.5443424181658,65.2153543924588,61.737801351708,68.6929074332096
"Graduated High School",16315,5651,21966,74.0626647242812,72.8970449934436,75.2282844551187,74.1607317860339,72.3968459788901,75.9246175931776
"Attended College or Technical School",22662,7056,29718,77.1692752494348,76.1439187571895,78.19463174168,77.2935763707376,75.6414258158025,78.9457269256728
"Graduated from College or Technical School",35506,8140,43646,81.7689792426183,80.9150982958168,82.6228601894198,82.2593024380903,80.9051290401261,83.6134758360544
"Don’t know/Not sure/Missing",155,62,217,80.7393969740697,75.4553346527098,86.0234592954296,79.5023121131309,77.1162852866406,81.8883389396212
