race_name,bene_yes,bene_no,total_bene,bene_yes_pct,bene_yes_pct_lcl,bene_yes_pct_ucl,age_adjusted_pct,age_adjusted_pct_lcl,age_adjusted_pct_ucl
"American Indian or Alaskan Native",1092,531,1623,61.7403935453408,58.8301063939406,64.650680696741,61.040696004493,57.0167220664132,65.0646699425729
Asian,1222,344,1566,75.9991428564377,70.9612583428451,81.0370273700304,76.3024877794724,67.9254745393495,84.6795010195953
Black,7266,1416,8682,83.2479632432622,81.8870629351312,84.6088635513933,83.6099128873496,81.5854297228034,85.6343960518958
Hispanic,4097,1385,5482,74.0604063141377,71.6833727085073,76.4374399197682,74.8448640348317,71.1451692429988,78.5445588266646
Multiracial,1156,502,1658,64.7725645347983,59.7301034746169,69.8150255949798,65.714001293917,58.2545128990093,73.1734896888246
"Native Hawaiian or other Pacific Islander",197,62,259,78.8248685048493,73.5180728178825,84.1316641918162,79.4733924726448,77.6055642475234,81.3412206977662
White,62775,18232,81007,76.7314872336027,76.1286665593793,77.3343079078262,76.8906792116916,75.9529266807891,77.8284317425941
