insurance_status,bene_yes,bene_no,total_bene,bene_yes_pct,bene_yes_pct_lcl,bene_yes_pct_ucl,age_adjusted_pct,age_adjusted_pct_lcl,age_adjusted_pct_ucl
"Have some form of insurance",74913,20160,95073,78.2263338443557,77.625772475893,78.8268952128185,78.3213233167188,77.3588725965337,79.2837740369039
"Do not have some form of health insurance",1035,1682,2717,38.087712586741,34.4838118113302,41.6916133621518,41.757446941882,37.1264664535941,46.3884274301699
"Don´t know, refused or missing insurance response",1857,630,2487,75.5243562115151,72.5232099292065,78.5255024938237,75.3042263236676,72.5595113767174,78.0489412706179
